metodo,tiempo_segundos,magnitud_minima,mejora_relativa
bucle_iterrows,1.903577100019902,6.0,189.85080762425324
vectorizado_pandas,0.010026700037997216,6.0,189.85080762425324
