metodo,tiempo_segundos,magnitud_minima,mejora_relativa
bucle_iterrows,1.5818402000004426,6.0,335.704624806168
vectorizado_pandas,0.004712000023573637,6.0,335.704624806168
